1;Emily Johnson;1985-07-12;Software Engineer
2;Michael Davis;1990-04-25;Marketing Manager
3;Sophia Martinez;1978-11-30;Financial Analyst
4;William Thompson;1995-09-17;Graphic Designer
5;Olivia Garcia;1982-03-08;HR Specialist
6;James Rodriguez;1989-06-21;Data Scientist
7;Ava Wilson;1976-02-14;Operations Manager
8;Daniel Hernandez;1993-10-19;Sales Representative
9;Isabella Lopez;1987-12-04;Product Manager
10;Liam Lee;1998-08-27;Content Writer
11;Mia Clark;1980-05-01;UX/UI Designer
12;Alexander Baker;1991-01-15;Financial Advisor
13;Charlotte Perez;1979-09-22;Software Developer
14;Benjamin Turner;1984-07-18;Accountant
15;Amelia Hall;1996-12-10;Project Manager
16;Lucas Scott;1983-03-05;Digital Marketer
17;Evelyn Green;1977-11-28;Operations Director
18;Harper Adams;1994-06-23;IT Support Specialist
19;Henry Campbell;1986-04-09;Business Analyst
20;Ella Nelson;1975-01-03;Sales Manager
21;Lincoln King;1992-10-26;Content Strategist
22;Avery Cooper;1981-08-14;Public Relations Specialist
23;Sofia Murphy;1997-05-20;Customer Success Manager
24;Jackson Rivera;1974-02-12;Supply Chain Analyst
25;Luna Gray;1988-12-06;Market Research Analyst
26;Leo Evans;1999-09-29;Social Media Manager
27;Chloe Torres;1989-07-22;UX Researcher
28;Mateo Hughes;1973-04-16;Operations Coordinator
29;Zoey Diaz;1985-01-18;Data Analyst
30;Layla Stewart;1990-10-02;Software Tester
31;Mason Coleman;1978-08-26;Business Development Manager
32;Lily Foster;1995-06-13;Content Creator
33;Aiden Ramirez;1982-03-09;HR Manager
34;Penelope Butler;1987-12-24;Product Designer
35;Gabriel Ward;1984-10-19;Financial Planner
36;Scarlett Long;1976-09-03;Marketing Director
37;Julian Barnes;1993-04-27;Sales Analyst
38;Aria Hughes;1980-01-11;UX Designer
39;Jackie Powell;1991-11-05;Technical Writer
40;Josiah Simmons;1979-07-29;Software Architect
41;Madelyn Russell;1996-05-15;Project Coordinator
42;Hudson Perry;1983-02-06;Digital Marketing Manager
43;Skylar Bell;1977-10-20;Operations Supervisor
44;Adeline Cox;1994-08-24;IT Manager
45;Xavier Brooks;1986-06-10;Business Consultant
46;Aurora Reed;1975-03-04;Sales Director
47;Greyson Washington;1992-12-28;Content Manager
48;Nova Bailey;1981-09-16;Public Relations Manager
49;Kai Richardson;1997-06-22;Customer Service Representative
50;Maya Hughes;1974-01-14;Supply Chain Manager
51;Archer Wood;1988-10-08;Market Analyst
52;Ivy Jenkins;1999-11-02;Social Media Specialist
53;Theodore Foster;1989-07-25;UX/UI Developer
54;Quinn Murphy;1973-05-17;Operations Analyst
55;Paisley Howard;1985-02-19;Data Scientist
56;Ronan Cook;1990-09-03;Marketing Specialist
57;Annabelle Bennett;1978-06-27;Financial Analyst
58;Jaxon Diaz;1995-04-11;Graphic Designer
59;Clara Grayson;1982-01-06;HR Specialist
60;Beckett Parker;1976-10-30;Operations Manager
61;Eloise Cooper;1993-08-14;Sales Representative
62;Finnley Hayes;1987-06-07;Product Manager
63;Kinsley Adams;1998-03-23;Content Writer
64;Emmett Rivera;1980-12-15;UX/UI Designer
65;Harlow Bennett;1979-10-09;Financial Advisor
66;Karter Turner;1991-07-03;Software Developer
67;Mabel Foster;1974-05-27;Accountant
68;Kyrie Hall;1996-02-19;Project Manager
69;Remy Scott;1983-11-11;Digital Marketer
70;Sutton Green;1977-08-05;Operations Director
71;Reagan Campbell;1994-05-01;IT Support Specialist
72;Dallas Murphy;1988-01-25;Business Analyst
73;Madden Nelson;1975-09-19;Sales Manager
74;Bryn King;1992-07-14;Content Strategist
75;Cassidy Cooper;1981-04-08;Public Relations Specialist
76;Sage Murphy;1997-12-03;Customer Success Manager
77;Jules Rivera;1973-09-26;Supply Chain Analyst
78;Kieran Gray;1989-06-20;Market Research Analyst
79;Rory Evans;1999-03-12;Social Media Manager
80;Saylor Torres;1985-11-05;UX Researcher
81;Raiden Hughes;1990-08-29;Operations Coordinator
82;Zola Diaz;1978-05-23;Data Analyst
83;Elodie Stewart;1995-02-16;Software Tester
84;Harper Coleman;1982-12-10;Business Development Manager
85;Koda Foster;1979-10-04;Content Creator
86;Reese Russell;1996-07-28;Digital Marketing Manager
87;Ellis Bell;1976-06-21;Operations Supervisor
88;Indigo Cox;1993-04-15;IT Manager
89;Lennox Brooks;1987-11-09;Business Consultant
90;Marlowe Reed;1975-08-03;Sales Director
91;Phoenix Washington;1992-05-27;Content Manager
92;Oakley Bailey;1981-02-19;Public Relations Manager
93;Aspen Richardson;1997-09-13;Customer Service Representative
94;Blaise Hughes;1974-06-07;Supply Chain Manager
95;Cedar Simmons;1988-03-02;Market Analyst
96;Dakota Foster;1999-12-27;Social Media Specialist
97;Echo Foster;1989-08-20;UX/UI Developer
98;Fable Murphy;1973-06-14;Operations Analyst
99;Gale Howard;1985-03-09;Data Scientist
100;Haven Cook;1990-10-23;Marketing Specialist